Model,Stock,MSE,MAE,MAPE
ARIMA,S&P 500,74847.82952833803,229.9264557025988,4.11173740505957
ARIMA,Tesla,5369.982566054002,59.35049430613335,24.230689792375102
LSTM,S&P 500,23091.13566395238,114.06516442744378,2.0517570216330205
LSTM,Tesla,1211.4417154933803,26.25547515974738,9.550686804484364
Prophet,S&P 500,921761.8401008841,899.5689321839682,15.967535235284972
Prophet,Tesla,13454.799322440587,82.23355214110063,26.76732315356074
